31,Ivy,Wise,egestas.lacinia.Sed@consequatnec.org,1-680-405-9126,2018-04-09T07:30:27.569Z
32,Allegra,Rosales,elit.pellentesque@Nullamenim.org,1-545-798-3482,2018-04-09T07:30:27.569Z
33,Candice,Kent,neque.Morbi@risus.ca,1-533-455-0536,2018-04-09T07:30:27.569Z
34,Yen,Ryan,Cras@Nuncullamcorper.edu,1-161-509-6241,2018-04-09T07:30:27.569Z
35,Vivian,Larson,orci.Ut@et.edu,1-445-598-1973,2018-04-09T07:30:27.569Z
36,Lawrence,Beach,risus@rhoncus.ca,1-678-303-4989,2018-04-09T07:30:27.569Z
37,Marvin,Stuart,amet.ultricies.sem@vitae.edu,1-721-818-2782,2018-04-09T07:30:27.569Z
38,Kimberley,Alvarado,sed.dui.Fusce@Morbiquis.com,1-877-365-2340,2018-04-09T07:30:27.569Z
39,Yardley,Pruitt,eu@nullaante.com,1-471-640-8907,2018-04-09T07:30:27.569Z
40,James,Oneill,pede.Cras@eleifendnec.org,1-881-215-2135,2018-04-09T07:30:27.569Z
41,Florence,Ruiz,lorem@aliquet.ca,1-729-520-3677,2018-04-09T07:30:27.569Z
42,Jerry,Ellison,sit.amet.consectetuer@elit.edu,1-396-500-9380,2018-04-09T07:30:27.569Z
43,Aphrodite,Whitfield,enim.Curabitur.massa@elementumategestas.ca,1-328-695-3383,2018-04-09T07:30:27.569Z
44,Hayes,Weber,ac@tincidunt.edu,1-711-759-7595,2018-04-09T07:30:27.569Z
45,Justine,Mosley,nec.ligula@Pellentesquehabitantmorbi.edu,1-577-815-1542,2018-04-09T07:30:27.569Z
46,Alfreda,Peck,eu.elit@rutrumeu.com,1-103-863-3199,2018-04-09T07:30:27.569Z
47,Jessamine,Swanson,placerat.orci.lacus@malesuadaInteger.com,1-279-324-6219,2018-04-09T07:30:27.569Z
48,Jemima,Mack,Duis.volutpat@Cumsociis.com,1-415-725-7745,2018-04-09T07:30:27.569Z
49,Isabella,Santiago,erat@Duisami.ca,1-302-923-9793,2018-04-09T07:30:27.569Z
50,Maia,Mathews,vulputate.risus.a@scelerisquemollisPhasellus.com,1-730-514-0531,2018-04-09T07:30:27.569Z
51,Hiram,Freeman,ipsum.Phasellus.vitae@ullamcorpereu.com,1-628-507-8637,2018-04-09T07:30:27.569Z
52,Kameko,Garrison,Morbi.neque.tellus@molestie.edu,1-625-688-7216,2018-04-09T07:30:27.569Z
53,Ivy,Robinson,Phasellus.nulla@malesuadavel.org,1-884-748-4013,2018-04-09T07:30:27.569Z
54,Zachery,Diaz,adipiscing.elit@nullavulputatedui.org,1-463-284-8324,2018-04-09T07:30:27.569Z
55,Charissa,Mitchell,pede@utsem.com,1-261-763-9654,2018-04-09T07:30:27.569Z
56,Montana,Hardy,vel@pellentesquetellussem.org,1-960-893-2196,2018-04-09T07:30:27.569Z
57,Alexander,Henson,Nullam.nisl.Maecenas@aliquamenim.org,1-319-384-6588,2018-04-09T07:30:27.569Z
58,Octavia,Odom,per.inceptos@nonfeugiatnec.com,1-526-745-3491,2018-04-09T07:30:27.569Z
59,Ruby,Maddox,fringilla.est@mollisduiin.com,1-167-716-6832,2018-04-09T07:30:27.569Z
60,Buckminster,Woodward,Curabitur.ut@metusAliquam.edu,1-325-675-7514,2018-04-09T07:30:27.569Z
61,Troy,Vinson,eu@netus.ca,1-796-489-6093,2018-04-09T07:30:27.569Z
62,Ivan,Hernandez,dui@Craseutellus.edu,1-316-167-5567,2018-04-09T07:30:27.569Z
63,Riley,Nguyen,mollis.dui@sapiencursus.com,1-843-542-8970,2018-04-09T07:30:27.569Z
64,Hermione,Hahn,Aenean.egestas@nonantebibendum.edu,1-728-385-0615,2018-04-09T07:30:27.569Z
65,Jerry,Mcintosh,accumsan@dolortempus.com,1-905-802-7462,2018-04-09T07:30:27.569Z
66,Tamekah,Fox,amet.consectetuer.adipiscing@vitae.ca,1-403-475-9211,2018-04-09T07:30:27.569Z
67,Benedict,Lloyd,Vivamus.euismod.urna@nibhPhasellus.ca,1-381-127-3111,2018-04-09T07:30:27.569Z
68,Chaim,Cherry,Etiam@Maecenasiaculis.com,1-808-829-9357,2018-04-09T07:30:27.569Z
69,Paloma,Avila,dis.parturient@molestie.ca,1-486-797-8181,2018-04-09T07:30:27.569Z
70,Cheryl,Hayes,et.ipsum@id.com,1-294-239-8095,2018-04-09T07:30:27.569Z
71,Nash,Flynn,lorem@facilisisSuspendisse.edu,1-488-207-3219,2018-04-09T07:30:27.569Z
72,Rebecca,Harris,Curae;.Phasellus@urnanec.org,1-676-586-0591,2018-04-09T07:30:27.569Z
73,Althea,Mcintyre,sem.vitae.aliquam@temporeratneque.ca,1-286-518-4810,2018-04-09T07:30:27.569Z
74,Brock,Paul,mattis.Integer@aliquetdiam.com,1-820-970-9769,2018-04-09T07:30:27.569Z
75,Vanna,Maddox,nunc.id.enim@eunequepellentesque.org,1-373-765-8833,2018-04-09T07:30:27.569Z
76,Maia,Morrison,egestas.Fusce.aliquet@quispede.edu,1-461-447-3331,2018-04-09T07:30:27.569Z
77,Evan,Barnes,erat.in.consectetuer@Donec.com,1-138-812-2889,2018-04-09T07:30:27.569Z
78,Sylvia,Gomez,vehicula.risus.Nulla@velfaucibusid.edu,1-209-542-6835,2018-04-09T07:30:27.569Z
79,Noble,Mills,Quisque@NullamenimSed.ca,1-571-859-7437,2018-04-09T07:30:27.569Z
80,Jaime,Bell,mus.Aenean@Curabitur.org,1-699-372-8480,2018-04-09T07:30:27.569Z
81,Jarrod,Lopez,egestas.ligula@egestas.org,1-884-627-3686,2018-04-09T07:30:27.569Z
82,George,Ball,a@etnetuset.ca,1-181-829-8754,2018-04-09T07:30:27.569Z
83,Bevis,Mckenzie,justo.sit.amet@parturientmontes.edu,1-178-547-1872,2018-04-09T07:30:27.569Z
84,Quintessa,Howell,eu.dui@ipsumleo.ca,1-347-212-6283,2018-04-09T07:30:27.569Z
85,September,Fulton,sem.ut.dolor@leoin.ca,1-805-182-3676,2018-04-09T07:30:27.569Z
86,Edan,Clements,erat.semper.rutrum@pedenonummy.ca,1-730-358-6414,2018-04-09T07:30:27.569Z
87,Francis,Medina,Nam@neccursus.org,1-508-865-4972,2018-04-09T07:30:27.569Z
88,Yetta,Faulkner,egestas.lacinia@semPellentesqueut.ca,1-336-978-3144,2018-04-09T07:30:27.569Z
89,Davis,Vega,commodo.tincidunt@dolortempus.ca,1-323-721-0245,2018-04-09T07:30:27.569Z
90,Wing,Hatfield,tincidunt.congue@turpisIncondimentum.com,1-651-165-4851,2018-04-09T07:30:27.569Z
91,Quon,Wilcox,dictum.ultricies.ligula@quam.ca,1-920-144-5488,2018-04-09T07:30:27.569Z
92,Carson,Lynch,Cum.sociis@magna.org,1-272-668-7475,2018-04-09T07:30:27.569Z
93,Xaviera,Anderson,amet.metus@eu.ca,1-133-672-4970,2018-04-09T07:30:27.569Z
94,Ivor,Weber,Nam@vulputate.com,1-852-509-0906,2018-04-09T07:30:27.569Z
95,Stella,Armstrong,adipiscing.elit@dictum.edu,1-654-142-1913,2018-04-09T07:30:27.569Z
96,Ann,Farrell,scelerisque@turpis.org,1-686-786-3777,2018-04-09T07:30:27.569Z
97,Kennedy,Rich,euismod.est@iaculisodio.edu,1-553-644-9572,2018-04-09T07:30:27.569Z
98,Adria,Santiago,nibh@nuncullamcorper.com,1-180-457-1157,2018-04-09T07:30:27.569Z
99,Sarah,Waters,nonummy.ac.feugiat@diamSed.com,1-187-134-2333,2018-04-09T07:30:27.569Z
100,Bernard,Price,tellus@tempordiamdictum.org,1-373-588-1689,2018-04-09T07:30:27.569Z
101,Maia,Estrada,et.commodo@dictumeu.org,1-451-794-0013,2018-04-09T07:30:27.569Z
102,Kimberly,Banks,cursus.non@nec.com,1-703-971-8342,2018-04-09T07:30:27.569Z
103,Dane,Rosales,metus.Aliquam@auctor.edu,1-994-906-2567,2018-04-09T07:30:27.569Z
104,Melodie,Whitehead,dui.Cras.pellentesque@vulputateposuerevulputate.com,1-665-590-7281,2018-04-09T07:30:27.569Z
105,Bethany,Baird,est@lobortisauguescelerisque.org,1-801-168-8287,2018-04-09T07:30:27.569Z
106,Haviva,Lane,ultrices.mauris@ornare.com,1-634-452-5636,2018-04-09T07:30:27.569Z
107,Perry,Day,arcu.Morbi.sit@lacinia.com,1-233-161-7064,2018-04-09T07:30:27.569Z
108,Sheila,Rollins,Pellentesque.tincidunt.tempus@Nullaeget.org,1-850-423-0956,2018-04-09T07:30:27.569Z
109,Donovan,Melendez,vulputate.dui@insodaleselit.edu,1-842-548-9366,2018-04-09T07:30:27.569Z
110,Leandra,Boone,feugiat.nec.diam@atauctorullamcorper.com,1-356-341-9774,2018-04-09T07:30:27.569Z
111,Kaden,Matthews,ante@consectetuermauris.ca,1-906-932-5932,2018-04-09T07:30:27.569Z
112,Eleanor,Ewing,faucibus.leo@Quisquenonummy.edu,1-853-831-2874,2018-04-09T07:30:27.569Z
113,Ignatius,Bruce,nonummy@cursus.ca,1-951-554-7873,2018-04-09T07:30:27.569Z
114,Hillary,Francis,vel.faucibus@arcu.edu,1-931-228-6606,2018-04-09T07:30:27.569Z
115,Shana,Barry,Nunc.commodo.auctor@rhoncusNullamvelit.ca,1-582-360-6031,2018-04-09T07:30:27.569Z
116,Nasim,James,orci@Curabituregestas.ca,1-677-247-8286,2018-04-09T07:30:27.569Z
117,Wallace,Rogers,Sed@a.edu,1-550-263-3284,2018-04-09T07:30:27.569Z
118,Zephr,Durham,et@mattisIntegereu.org,1-123-942-6496,2018-04-09T07:30:27.569Z
119,Carla,Edwards,id.ante@sitametrisus.edu,1-165-394-8968,2018-04-09T07:30:27.569Z
120,Shay,Lindsey,Ut.sagittis@velconvallis.ca,1-630-370-9934,2018-04-09T07:30:27.569Z
121,Barbara,Carson,Morbi.sit@Duis.ca,1-522-329-1148,2018-04-09T07:30:27.569Z
122,Leandra,Briggs,purus.Duis.elementum@consectetueradipiscingelit.org,1-976-869-3719,2018-04-09T07:30:27.569Z
123,Amos,Ellis,ac@nequeInornare.edu,1-171-286-0476,2018-04-09T07:30:27.569Z
124,Sylvia,Hernandez,bibendum.sed.est@nonluctus.edu,1-319-681-5937,2018-04-09T07:30:27.569Z
125,Sandra,Burnett,ac@vitae.edu,1-487-424-1198,2018-04-09T07:30:27.569Z
126,Kimberly,Espinoza,enim@Vivamuseuismod.org,1-126-610-3915,2018-04-09T07:30:27.569Z
127,Yoshi,Good,leo.elementum@NullamnislMaecenas.ca,1-264-373-0363,2018-04-09T07:30:27.569Z
128,Teagan,Burnett,neque.In.ornare@eget.edu,1-802-293-7973,2018-04-09T07:30:27.569Z
129,Barbara,Kemp,malesuada.id.erat@porttitorscelerisque.com,1-917-944-3359,2018-04-09T07:30:27.569Z
130,Sharon,Ramsey,erat.Etiam.vestibulum@commodotincidunt.edu,1-786-673-9886,2018-04-09T07:30:27.569Z
131,Stuart,Lloyd,montes@Fuscefermentum.edu,1-565-700-7886,2018-04-09T07:30:27.569Z
132,Tyler,Henry,Praesent.eu@tristique.ca,1-711-790-3864,2018-04-09T07:30:27.569Z
133,Carter,Bolton,sit.amet@vitaesodales.ca,1-339-127-6111,2018-04-09T07:30:27.569Z
134,Graham,Gonzalez,sodales.Mauris@at.com,1-854-240-5612,2018-04-09T07:30:27.569Z
135,Tate,Noble,scelerisque.dui@ipsumdolorsit.org,1-124-745-9894,2018-04-09T07:30:27.569Z
136,Zoe,Barr,Nullam@arcuacorci.ca,1-918-579-8663,2018-04-09T07:30:27.569Z
137,Harper,Mitchell,orci.lobortis@Etiambibendumfermentum.com,1-410-490-8909,2018-04-09T07:30:27.569Z
138,Fatima,Stafford,egestas.a@euplacerateget.ca,1-459-215-5529,2018-04-09T07:30:27.569Z
139,Liberty,Taylor,aliquet.magna@Suspendisse.edu,1-671-561-4900,2018-04-09T07:30:27.569Z
140,Berk,Sweeney,aliquam.eu.accumsan@ultricies.ca,1-555-107-0666,2018-04-09T07:30:27.569Z
141,Oren,Zamora,Proin.ultrices@egetodio.edu,1-272-572-6814,2018-04-09T07:30:27.569Z
142,Vera,Hewitt,ac.mattis.ornare@nibhAliquamornare.org,1-932-909-5799,2018-04-09T07:30:27.569Z
143,Lucian,Morrison,convallis@commodotinciduntnibh.ca,1-460-952-3461,2018-04-09T07:30:27.569Z
144,Heather,Langley,commodo.at@dolorsit.edu,1-471-951-9180,2018-04-09T07:30:27.569Z
145,Quamar,Mckay,cursus.in.hendrerit@nullaanteiaculis.org,1-808-355-3908,2018-04-09T07:30:27.569Z
146,Sandra,Keller,vestibulum.massa@turpisNullaaliquet.edu,1-893-701-7876,2018-04-09T07:30:27.569Z
147,Ila,Peterson,non@eudolor.ca,1-875-375-0506,2018-04-09T07:30:27.569Z
148,Lane,Valencia,tortor@Duisrisusodio.edu,1-503-281-8389,2018-04-09T07:30:27.569Z
149,Hedwig,Hooper,Mauris@libero.ca,1-574-624-2842,2018-04-09T07:30:27.569Z
150,Lyle,Calderon,tellus@hymenaeosMauris.edu,1-712-640-5847,2018-04-09T07:30:27.569Z
151,Dahlia,Rivers,Cras.pellentesque.Sed@lectus.org,1-870-154-2255,2018-04-09T07:30:27.569Z
152,Xerxes,Christensen,malesuada.fames.ac@sollicitudincommodoipsum.com,1-543-128-8466,2018-04-09T07:30:27.569Z
153,Linda,Sweeney,non@idenimCurabitur.edu,1-856-172-6643,2018-04-09T07:30:27.569Z
154,Piper,Green,semper.rutrum@velpedeblandit.com,1-991-847-5066,2018-04-09T07:30:27.569Z
155,Darryl,Hickman,luctus.sit@Donec.edu,1-383-947-2216,2018-04-09T07:30:27.569Z
156,Ella,Anthony,blandit.viverra@metus.ca,1-886-493-0176,2018-04-09T07:30:27.569Z
157,Maggie,Wiggins,luctus.et.ultrices@eros.edu,1-208-439-0694,2018-04-09T07:30:27.569Z
158,Dorothy,Wooten,diam.dictum.sapien@ametnullaDonec.ca,1-351-478-0387,2018-04-09T07:30:27.569Z
159,Austin,Burke,vitae.purus@a.ca,1-779-739-1699,2018-04-09T07:30:27.569Z
160,Quentin,Rowland,nisi.dictum@cursus.org,1-485-514-2255,2018-04-09T07:30:27.569Z
161,Haviva,Sharp,velit@sempertellus.com,1-312-572-3509,2018-04-09T07:30:27.569Z
162,Ashton,Boyd,dolor.Nulla.semper@sodaleselit.com,1-997-213-8518,2018-04-09T07:30:27.569Z
163,Walter,Poole,auctor.ullamcorper@pharetra.org,1-547-898-7097,2018-04-09T07:30:27.569Z
164,Ronan,Higgins,gravida.sagittis@purusac.ca,1-663-425-2128,2018-04-09T07:30:27.569Z
165,Jenette,Elliott,mollis.Phasellus@accumsansedfacilisis.ca,1-606-405-1996,2018-04-09T07:30:27.569Z
166,Aquila,Hammond,lacus@temporeratneque.com,1-408-720-5731,2018-04-09T07:30:27.569Z
167,Rashad,Bradley,consectetuer@quamvelsapien.com,1-138-228-8329,2018-04-09T07:30:27.569Z
168,Gail,Craig,lorem.sit.amet@atrisus.org,1-416-999-1603,2018-04-09T07:30:27.569Z
169,Fletcher,Price,ullamcorper.Duis@euismodindolor.com,1-922-755-7975,2018-04-09T07:30:27.569Z
170,Lance,Graves,non.nisi@tortorNunccommodo.org,1-656-827-1647,2018-04-09T07:30:27.569Z
171,Courtney,Delgado,tortor.Nunc.commodo@elit.ca,1-954-741-2057,2018-04-09T07:30:27.569Z
172,Branden,Estrada,fermentum.risus@utnisia.com,1-731-896-6183,2018-04-09T07:30:27.569Z
173,Summer,Bates,egestas.blandit@enimCurabiturmassa.com,1-635-930-7532,2018-04-09T07:30:27.569Z
174,Felicia,Franco,adipiscing@tristique.ca,1-866-584-8652,2018-04-09T07:30:27.569Z
175,Kimberley,Lang,at@urna.com,1-285-839-0723,2018-04-09T07:30:27.569Z
176,Joy,Diaz,enim@Aenean.edu,1-645-511-7768,2018-04-09T07:30:27.569Z
177,Libby,Santos,risus@Sedegetlacus.org,1-864-836-2892,2018-04-09T07:30:27.569Z
178,Elvis,Bartlett,Nulla.dignissim.Maecenas@faucibuslectus.ca,1-250-827-6850,2018-04-09T07:30:27.569Z
179,Tanisha,Jenkins,accumsan@sagittis.ca,1-216-495-7256,2018-04-09T07:30:27.569Z
180,Mercedes,Dyer,eu@idsapien.org,1-384-979-9641,2018-04-09T07:30:27.569Z
181,Blake,Pacheco,sed@eleifendnecmalesuada.org,1-312-148-6107,2018-04-09T07:30:27.569Z
182,Phillip,Kaufman,augue.porttitor@auctorullamcorpernisl.ca,1-708-662-8898,2018-04-09T07:30:27.569Z
183,Shaeleigh,Romero,blandit@Curabitur.org,1-165-876-5519,2018-04-09T07:30:27.569Z
184,Zelda,Stephens,purus@enimsit.org,1-298-178-8668,2018-04-09T07:30:27.569Z
185,Callum,Park,mollis@Donecdignissimmagna.com,1-640-202-1903,2018-04-09T07:30:27.569Z
186,Shafira,Moody,amet.dapibus.id@bibendumfermentummetus.com,1-842-608-5255,2018-04-09T07:30:27.569Z
187,Brenda,Gould,magna@Nullaeuneque.org,1-268-369-6552,2018-04-09T07:30:27.569Z
188,Amber,Harper,Cras.eu.tellus@turpis.org,1-845-470-9841,2018-04-09T07:30:27.569Z
189,Haviva,Harper,Quisque.tincidunt.pede@justoPraesent.ca,1-728-473-6876,2018-04-09T07:30:27.569Z
190,Deirdre,Wilkins,posuere@urnanecluctus.com,1-325-209-3431,2018-04-09T07:30:27.569Z
191,Ivana,Stark,nunc.sed.pede@auctorvitae.edu,1-174-752-3723,2018-04-09T07:30:27.569Z
192,Omar,Bishop,Nulla.tempor.augue@Nunc.org,1-506-840-0997,2018-04-09T07:30:27.569Z
193,Dominique,Lynch,turpis.Nulla.aliquet@Fuscemi.ca,1-301-683-9547,2018-04-09T07:30:27.569Z
194,Perry,Pope,molestie.tortor.nibh@tincidunt.edu,1-142-231-9667,2018-04-09T07:30:27.569Z
195,Alika,Dorsey,risus@luctusut.edu,1-203-167-8357,2018-04-09T07:30:27.569Z
196,Sloane,Reynolds,Ut.tincidunt@mollisPhaselluslibero.edu,1-943-900-6028,2018-04-09T07:30:27.569Z
197,Abra,Sanders,arcu@interdumCurabiturdictum.com,1-182-827-5052,2018-04-09T07:30:27.569Z
198,Blaze,Gould,lorem@Nullaeu.org,1-377-980-7889,2018-04-09T07:30:27.569Z
199,Talon,Ryan,condimentum@risusNuncac.org,1-712-327-5317,2018-04-09T07:30:27.569Z
200,Merritt,Joyce,malesuada.fringilla@elitNullafacilisi.edu,1-702-580-4785,2018-04-09T07:30:27.569Z
201,Umam,Iswanul,umam@email.com,123-4567-98,2018-04-09T07:32:02.939Z
202,Umam,Iswanul,umam@email.com,123-4567-98,2018-04-09T08:03:32.902Z
203,Umam,Iswanul,umam@email.com,123-4567-98,2018-04-09T08:03:39.205Z
204,Umam,Iswanul,umam@email.com,123-4567-98,2018-04-09T08:04:25.391Z
205,Umam,Iswanul,umam@email.com,123-4567-98,2018-04-09T08:05:07.580Z
